{
  "trace_id": "sample_trace_001",
  "summary": {
    "step_count": 7,
    "total_time": 34.022985758453935,
    "avg_time_per_step": 4.860426536921991,
    "context_references": 18
  },
  "time_series": {
    "step_numbers": [
      1,
      2,
      3,
      4,
      5,
      6,
      7
    ],
    "durations": [
      5.912453344794995,
      6.1939935605896475,
      4.970955428762298,
      3.3998333853983285,
      3.256557842219827,
      4.805575090353818,
      5.483617106335022
    ],
    "cumulative_time": [
      5.912453344794995,
      12.106446905384644,
      17.077402334146942,
      20.47723571954527,
      23.733793561765097,
      28.539368652118917,
      34.02298575845394
    ]
  },
  "radar_charts": {
    "quality": {
      "dimensions": [
        "efficiency",
        "relevance",
        "completeness",
        "coherence"
      ],
      "scores": [
        87.8750010391596,
        73.66526964717742,
        90.55488498797686,
        82.61066123739954
      ]
    }
  },
  "heat_maps": {
    "context_usage": {
      "x_labels": [
        "source_1",
        "source_2",
        "source_3",
        "source_4"
      ],
      "y_labels": [
        "analysis",
        "synthesis",
        "research",
        "conclusion"
      ],
      "data": [
        [
          3.62549352900299,
          0.9161231846534351,
          2.4636940409688606,
          3.565530762086354
        ],
        [
          4.6079836896124275,
          3.426425919468929,
          4.884871942142567,
          1.7455602671856347
        ],
        [
          2.829241825585149,
          4.7602544902077835,
          2.679777569977694,
          1.050911511850412
        ],
        [
          3.4544502332674027,
          1.7453196990551305,
          2.3837473986341893,
          4.032327690629613
        ]
      ]
    }
  }
}